cid,molecularformula,molecularweight,smiles,inchikey,iupacname,xlogp,tpsa,complexity,hbonddonorcount,hbondacceptorcount,rotatablebondcount,heavyatomcount,query_name,charge,xlogp_source
3496.0,C3H8NO5P,169.07,C(C(=O)O)NCP(=O)(O)O,XDDAORKBJWWYJS-UHFFFAOYSA-N,2-(phosphonomethylamino)acetic acid,-4.6,107.0,162.0,4.0,6.0,4.0,10.0,glyphosate,,pubchem
2730.0,C9H11Cl3NO3PS,350.6,CCOP(=S)(OCC)OC1=NC(=C(C=C1Cl)Cl)Cl,SBPBAQFWLVIOKP-UHFFFAOYSA-N,"diethoxy-sulfanylidene-[(3,5,6-trichloro-2-pyridinyl)oxy]-lambda5-phosphane",5.3,72.7,303.0,0.0,5.0,6.0,18.0,chlorpyrifos,,pubchem
4004.0,C10H19O6PS2,330.4,CCOC(=O)CC(C(=O)OCC)SP(=S)(OC)OC,JXSJBGJIGXNWCI-UHFFFAOYSA-N,diethyl 2-dimethoxyphosphinothioylsulfanylbutanedioate,2.4,128.0,341.0,0.0,8.0,11.0,19.0,malathion,,pubchem
991.0,C10H14NO5PS,291.26,CCOP(=S)(OCC)OC1=CC=C(C=C1)[N+](=O)[O-],LCCNCVORNKJIRZ-UHFFFAOYSA-N,diethoxy-(4-nitrophenoxy)-sulfanylidene-lambda5-phosphane,3.8,106.0,304.0,0.0,6.0,6.0,18.0,parathion,,pubchem
3082.0,C5H12NO3PS2,229.3,CNC(=O)CSP(=S)(OC)OC,MCWXGJITAZMZEV-UHFFFAOYSA-N,2-dimethoxyphosphinothioylsulfanyl-N-methylacetamide,0.8,105.0,191.0,1.0,5.0,5.0,12.0,dimethoate,,pubchem
3017.0,C12H21N2O3PS,304.35,CCOP(=S)(OCC)OC1=NC(=NC(=C1)C)C(C)C,FHIVAFMUCKRCQO-UHFFFAOYSA-N,diethoxy-(6-methyl-2-propan-2-ylpyrimidin-4-yl)oxy-sulfanylidene-lambda5-phosphane,3.8,85.6,307.0,0.0,6.0,7.0,19.0,diazinon,,pubchem
1982.0,C4H10NO3PS,183.17,CC(=O)NP(=O)(OC)SC,YASYVMFAVPKPKE-UHFFFAOYSA-N,N-[methoxy(methylsulfanyl)phosphoryl]acetamide,-0.8,80.7,172.0,1.0,4.0,3.0,10.0,acephate,,pubchem
5853.0,C4H8Cl3O4P,257.43,COP(=O)(C(C(Cl)(Cl)Cl)O)OC,NFACJZMKEDPNKN-UHFFFAOYSA-N,"2,2,2-trichloro-1-dimethoxyphosphorylethanol",0.5,55.8,183.0,1.0,4.0,3.0,12.0,trichlorfon,,pubchem
13709.0,C6H11N2O4PS3,302.3,COC1=NN(C(=O)S1)CSP(=S)(OC)OC,MEBQXILRKZHVCX-UHFFFAOYSA-N,"3-(dimethoxyphosphinothioylsulfanylmethyl)-5-methoxy-1,3,4-thiadiazol-2-one",2.4,143.0,343.0,0.0,8.0,6.0,16.0,methidathion,,pubchem
38779.0,C11H15BrClO3PS,373.63,CCCSP(=O)(OCC)OC1=C(C=C(C=C1)Br)Cl,QYMMJNLHFKGANY-UHFFFAOYSA-N,4-bromo-2-chloro-1-[ethoxy(propylsulfanyl)phosphoryl]oxybenzene,4.7,60.8,295.0,0.0,4.0,7.0,18.0,profenofos,,pubchem
4790.0,C7H17O2PS3,260.4,CCOP(=S)(OCC)SCSCC,BULVZWIRKLYCBC-UHFFFAOYSA-N,diethoxy-(ethylsulfanylmethylsulfanyl)-sulfanylidene-lambda5-phosphane,3.6,101.0,156.0,0.0,5.0,8.0,13.0,phorate,,pubchem
3118.0,C8H19O2PS3,274.4,CCOP(=S)(OCC)SCCSCC,DOFZAZXDOSGAJZ-UHFFFAOYSA-N,diethoxy-(2-ethylsulfanylethylsulfanyl)-sulfanylidene-lambda5-phosphane,4.0,101.0,168.0,0.0,5.0,9.0,14.0,disulfoton,,pubchem
2912.0,C22H19Cl2NO3,416.3,CC1(C(C1C(=O)OC(C#N)C2=CC(=CC=C2)OC3=CC=CC=C3)C=C(Cl)Cl)C,KAATUXNTWXVJKI-UHFFFAOYSA-N,"[cyano-(3-phenoxyphenyl)methyl] 3-(2,2-dichloroethenyl)-2,2-dimethylcyclopropane-1-carboxylate",6.0,59.3,643.0,0.0,4.0,7.0,28.0,cypermethrin,,pubchem
40585.0,C22H19Br2NO3,505.2,CC1([C@H]([C@H]1C(=O)O[C@H](C#N)C2=CC(=CC=C2)OC3=CC=CC=C3)C=C(Br)Br)C,OWZREIFADZCYQD-NSHGMRRFSA-N,"trans-[(S)-cyano-(3-phenoxyphenyl)methyl] (1R,3R)-3-(2,2-dibromoethenyl)-2,2-dimethylcyclopropane-1-carboxylate",6.2,59.3,643.0,0.0,4.0,7.0,28.0,deltamethrin,,pubchem
40326.0,C21H20Cl2O3,391.3,CC1(C(C1C(=O)OCC2=CC(=CC=C2)OC3=CC=CC=C3)C=C(Cl)Cl)C,RLLPVAHGXHCWKJ-UHFFFAOYSA-N,"(3-phenoxyphenyl)methyl 3-(2,2-dichloroethenyl)-2,2-dimethylcyclopropane-1-carboxylate",6.5,35.5,521.0,0.0,3.0,7.0,26.0,permethrin,,pubchem
,C23H19ClF3NO3,449.8,,ZXQYGBMAQZUVMI-RDDWSQKMSA-N,"trans-[(R)-cyano-(3-phenoxyphenyl)methyl] (1S,3S)-3-[(Z)-2-chloro-3,3,3-trifluoroprop-1-enyl]-2,2-dimethylcyclopropane-1-carboxylate",6.1,59.3,,0.0,7.0,7.0,31.0,lambda-cyhalothrin,0.0,pubchem
6442842.0,C23H22ClF3O2,422.9,CC1=C(C=CC=C1C2=CC=CC=C2)COC(=O)[C@@H]3[C@@H](C3(C)C)/C=C(/C(F)(F)F)\Cl,OMFRMAHOUUJSGP-IRHGGOMRSA-N,"trans-(2-methyl-3-phenylphenyl)methyl (1R,3R)-3-[(Z)-2-chloro-3,3,3-trifluoroprop-1-enyl]-2,2-dimethylcyclopropane-1-carboxylate",6.0,26.3,622.0,0.0,5.0,6.0,29.0,bifenthrin,,pubchem
,C22H18Cl2FNO3,434.3,,QQODLKZGRKWIFG-UHFFFAOYSA-N,"[cyano-(4-fluoro-3-phenoxyphenyl)methyl] 3-(2,2-dichloroethenyl)-2,2-dimethylcyclopropane-1-carboxylate",6.2,59.3,,0.0,5.0,7.0,29.0,cyfluthrin,0.0,pubchem
10342051.0,C25H22ClNO3,419.9,CC(C)[C@@H](C1=CC=C(C=C1)Cl)C(=O)O[C@H](C#N)C2=CC(=CC=C2)OC3=CC=CC=C3,NYPJDWWKZLNGGM-RPWUZVMVSA-N,[(S)-cyano-(3-phenoxyphenyl)methyl] (2S)-2-(4-chlorophenyl)-3-methylbutanoate,6.2,59.3,586.0,0.0,4.0,8.0,30.0,esfenvalerate,,pubchem
,C22H19Cl2NO3,416.3,,KAATUXNTWXVJKI-NSHGMRRFSA-N,"trans-[(S)-cyano-(3-phenoxyphenyl)methyl] (1R,3R)-3-(2,2-dichloroethenyl)-2,2-dimethylcyclopropane-1-carboxylate",6.0,59.3,,0.0,4.0,7.0,28.0,alpha-cypermethrin,0.0,pubchem
47326.0,C22H23NO3,349.4,CC1(C(C1(C)C)C(=O)OC(C#N)C2=CC(=CC=C2)OC3=CC=CC=C3)C,XQUXKZZNEFRCAW-UHFFFAOYSA-N,"[cyano-(3-phenoxyphenyl)methyl] 2,2,3,3-tetramethylcyclopropane-1-carboxylate",5.7,59.3,553.0,0.0,4.0,6.0,26.0,fenpropathrin,,pubchem
12617362.0,C22H19Cl2NO3,416.3,CC1(C(C1C(=O)O[C@H](C#N)C2=CC(=CC=C2)OC3=CC=CC=C3)C=C(Cl)Cl)C,KAATUXNTWXVJKI-QPIRBTGLSA-N,"[(S)-cyano-(3-phenoxyphenyl)methyl] 3-(2,2-dichloroethenyl)-2,2-dimethylcyclopropane-1-carboxylate",6.0,59.3,643.0,0.0,4.0,7.0,28.0,zeta-cypermethrin,,pubchem
3036.0,C14H9Cl5,354.5,C1=CC(=CC=C1C(C2=CC=C(C=C2)Cl)C(Cl)(Cl)Cl)Cl,YVGGHNCTFXOJCH-UHFFFAOYSA-N,"1-chloro-4-[2,2,2-trichloro-1-(4-chlorophenyl)ethyl]benzene",6.9,0.0,250.0,0.0,0.0,2.0,19.0,DDT,,pubchem
3224.0,C9H6Cl6O3S,406.9,C1C2C(COS(=O)O1)C3(C(=C(C2(C3(Cl)Cl)Cl)Cl)Cl)Cl,RDYMFSUJUZBWLH-UHFFFAOYSA-N,"1,9,10,11,12,12-hexachloro-4,6-dioxa-5lambda4-thiatricyclo[7.2.1.02,8]dodec-10-ene 5-oxide",3.8,54.7,470.0,0.0,4.0,0.0,19.0,endosulfan,,pubchem
727.0,C6H6Cl6,290.8,C1(C(C(C(C(C1Cl)Cl)Cl)Cl)Cl)Cl,JLYXXMFPNIAWKQ-UHFFFAOYSA-N,"1,2,3,4,5,6-hexachlorocyclohexane",3.8,0.0,104.0,0.0,0.0,0.0,12.0,lindane,,pubchem
12310947.0,C12H8Cl6,364.9,C1[C@@H]2C=C[C@H]1[C@H]3[C@@H]2[C@]4(C(=C([C@@]3(C4(Cl)Cl)Cl)Cl)Cl)Cl,QBYJBZPUGVGKQQ-SJJAEHHWSA-N,"(1S,2S,3S,6R,7R,8R)-1,8,9,10,11,11-hexachlorotetracyclo[6.2.1.13,6.02,7]dodeca-4,9-diene",4.5,0.0,481.0,0.0,0.0,0.0,18.0,aldrin,,pubchem
,C12H8Cl6O,380.9,,DFBKLUNHFCTMDC-PICURKEMSA-N,"(1R,2S,3S,6R,7R,8S,9S,11R)-3,4,5,6,13,13-hexachloro-10-oxapentacyclo[6.3.1.13,6.02,7.09,11]tridec-4-ene",3.7,12.5,,0.0,1.0,0.0,19.0,dieldrin,0.0,pubchem
11954021.0,C10H6Cl8,409.8,C1C2C(C(C1Cl)Cl)[C@]3(C(=C([C@@]2(C3(Cl)Cl)Cl)Cl)Cl)Cl,BIWJNBZANLAXMG-YQELWRJZSA-N,"(1R,7S)-1,3,4,7,8,9,10,10-octachlorotricyclo[5.2.1.02,6]dec-8-ene",4.9,0.0,459.0,0.0,0.0,0.0,18.0,chlordane,,pubchem
3589.0,C10H5Cl7,373.3,C1=CC(C2C1C3(C(=C(C2(C3(Cl)Cl)Cl)Cl)Cl)Cl)Cl,FRCCEHPWNOQAEU-UHFFFAOYSA-N,"1,5,7,8,9,10,10-heptachlorotricyclo[5.2.1.02,6]deca-3,8-diene",4.3,0.0,467.0,0.0,0.0,0.0,17.0,heptachlor,,pubchem
16945.0,C10Cl12,545.5,C12(C3(C4(C5(C3(C(C1(C5(C2(C4(Cl)Cl)Cl)Cl)Cl)(Cl)Cl)Cl)Cl)Cl)Cl)Cl,GVYLCNUFSHDAAW-UHFFFAOYSA-N,"1,2,3,4,5,5,6,7,8,9,10,10-dodecachloropentacyclo[5.3.0.02,6.03,9.04,8]decane",5.3,0.0,567.0,0.0,0.0,0.0,22.0,mirex,,pubchem
,C10H8Cl8,411.8,,OEJNXTAZZBRGDN-UHFFFAOYSA-N,"1,4,5,6,7,7-hexachloro-2,2-bis(chloromethyl)-3-methylidenebicyclo[2.2.1]heptane",4.7,0.0,,0.0,0.0,2.0,18.0,toxaphene,0.0,pubchem
2566.0,C12H15NO3,221.25,CC1(CC2=C(O1)C(=CC=C2)OC(=O)NC)C,DUEPRVBVGDRKAG-UHFFFAOYSA-N,"(2,2-dimethyl-3H-1-benzofuran-7-yl) N-methylcarbamate",2.3,47.6,277.0,1.0,3.0,2.0,16.0,carbofuran,,pubchem
6129.0,C12H11NO2,201.22,CNC(=O)OC1=CC=CC2=CC=CC=C21,CVXBEEMKQHEXEN-UHFFFAOYSA-N,naphthalen-1-yl N-methylcarbamate,2.4,38.3,230.0,1.0,2.0,2.0,15.0,carbaryl,,pubchem
4109.0,C5H10N2O2S,162.21,CC(=NOC(=O)NC)SC,UHXUZOCRWCRNSJ-UHFFFAOYSA-N,methyl N-(methylcarbamoyloxy)ethanimidothioate,0.6,76.0,147.0,1.0,4.0,3.0,10.0,methomyl,,pubchem
9570071.0,C7H14N2O2S,190.27,CC(C)(/C=N/OC(=O)NC)SC,QGLZXHRNAYXIBU-WEVVVXLNSA-N,[(E)-(2-methyl-2-methylsulfanylpropylidene)amino] N-methylcarbamate,1.1,76.0,180.0,1.0,4.0,4.0,12.0,aldicarb,,pubchem
31657.0,C7H13N3O3S,219.26,CNC(=O)ON=C(C(=O)N(C)C)SC,KZAUOCCYDRDERY-UHFFFAOYSA-N,methyl 2-(dimethylamino)-N-(methylcarbamoyloxy)-2-oxoethanimidothioate,-0.5,96.3,253.0,1.0,5.0,4.0,14.0,oxamyl,,pubchem
31645.0,C11H18N4O2,238.29,CC1=C(N=C(N=C1OC(=O)N(C)C)N(C)C)C,YFGYUFNIOHWBOB-UHFFFAOYSA-N,"[2-(dimethylamino)-5,6-dimethylpyrimidin-4-yl] N,N-dimethylcarbamate",1.7,58.6,270.0,0.0,5.0,3.0,17.0,pirimicarb,,pubchem
19588.0,C12H17NO2,207.27,CCC(C)C1=CC=CC=C1OC(=O)NC,DIRFUJHNVNOBMY-UHFFFAOYSA-N,(2-butan-2-ylphenyl) N-methylcarbamate,2.8,38.3,206.0,1.0,2.0,4.0,15.0,fenobucarb,,pubchem
2314.0,C11H13NO4,223.22,CC1(OC2=C(O1)C(=CC=C2)OC(=O)NC)C,XEGGRYVFLWGFHI-UHFFFAOYSA-N,"(2,2-dimethyl-1,3-benzodioxol-4-yl) N-methylcarbamate",1.7,56.8,279.0,1.0,4.0,2.0,16.0,bendiocarb,,pubchem
86287518.0,C9H10ClN5O2,255.66,C1CN(/C(=N/[N+](=O)[O-])/N1)CC2=CN=C(C=C2)Cl,YWTYJOPNNQFBPC-UHFFFAOYSA-N,(NE)-N-[1-[(6-chloro-3-pyridinyl)methyl]imidazolidin-2-ylidene]nitramide,1.2,86.3,319.0,1.0,4.0,2.0,17.0,imidacloprid,,pubchem
5821911.0,C8H10ClN5O3S,291.72,CN\1COCN(/C1=N/[N+](=O)[O-])CC2=CN=C(S2)Cl,NWWZPOKUUAIXIW-DHZHZOJOSA-N,"(NE)-N-[3-[(2-chloro-1,3-thiazol-5-yl)methyl]-5-methyl-1,3,5-oxadiazinan-4-ylidene]nitramide",1.5,115.0,352.0,0.0,6.0,2.0,18.0,thiamethoxam,,pubchem
,C6H8ClN5O2S,249.68,,PGOOBECODWQEAB-UHFFFAOYSA-N,"1-[(2-chloro-1,3-thiazol-5-yl)methyl]-3-methyl-2-nitroguanidine",1.3,123.0,,2.0,5.0,4.0,15.0,clothianidin,0.0,pubchem
213021.0,C10H11ClN4,222.67,CC(=NC#N)N(C)CC1=CN=C(C=C1)Cl,WCXDHFDTOYPNIE-UHFFFAOYSA-N,N-[(6-chloro-3-pyridinyl)methyl]-N'-cyano-N-methylethanimidamide,1.4,52.3,280.0,0.0,3.0,3.0,15.0,acetamiprid,,pubchem
197701.0,C7H14N4O3,202.21,CN=C(NCC1CCOC1)N[N+](=O)[O-],YKBZOVFACRVRJN-UHFFFAOYSA-N,2-methyl-1-nitro-3-(oxolan-3-ylmethyl)guanidine,0.0,91.5,225.0,2.0,4.0,4.0,14.0,dinotefuran,,pubchem
3034287.0,C11H15ClN4O2,270.71,CCN(CC1=CN=C(C=C1)Cl)/C(=C/[N+](=O)[O-])/NC,CFRPSFYHXJZSBI-DHZHZOJOSA-N,"(E)-1-N'-[(6-chloro-3-pyridinyl)methyl]-1-N'-ethyl-1-N-methyl-2-nitroethene-1,1-diamine",2.4,74.0,306.0,1.0,5.0,5.0,18.0,nitenpyram,,pubchem
115224.0,C10H9ClN4S,252.72,C1CSC(=NC#N)N1CC2=CN=C(C=C2)Cl,HOKKPVIRMVDYPB-UHFFFAOYSA-N,"[3-[(6-chloro-3-pyridinyl)methyl]-1,3-thiazolidin-2-ylidene]cyanamide",2.2,77.6,324.0,0.0,4.0,2.0,16.0,thiacloprid,,pubchem
3034368.0,C8H12MnN4S8Zn,541.1,C(CNC(=S)[S-])NC(=S)[S-].C(CNC(=S)[S-])NC(=S)[S-].[Mn+2].[Zn+2],CHNQZRKUZPNOOH-UHFFFAOYSA-J,zinc;manganese(2+);bis(N-[2-(sulfidocarbothioylamino)ethyl]carbamodithioate),0.5,180.0,108.0,4.0,8.0,6.0,22.0,mancozeb,0.0,PPDB estimate
15910.0,C8Cl4N2,265.9,C(#N)C1=C(C(=C(C(=C1Cl)Cl)Cl)C#N)Cl,CRQQGFGUEAVUIL-UHFFFAOYSA-N,"2,4,5,6-tetrachlorobenzene-1,3-dicarbonitrile",2.9,47.6,284.0,0.0,2.0,0.0,14.0,chlorothalonil,,pubchem
43234.0,C15H17Cl2N3O2,342.2,CCCC1COC(O1)(CN2C=NC=N2)C3=C(C=C(C=C3)Cl)Cl,STJLVHWMYQXCPB-UHFFFAOYSA-N,"1-[[2-(2,4-dichlorophenyl)-4-propyl-1,3-dioxolan-2-yl]methyl]-1,2,4-triazole",3.5,49.2,377.0,0.0,4.0,5.0,22.0,propiconazole,,pubchem
86102.0,C16H22ClN3O,307.82,CC(C)(C)C(CCC1=CC=C(C=C1)Cl)(CN2C=NC=N2)O,PXMNMQRDXWABCY-UHFFFAOYSA-N,"1-(4-chlorophenyl)-4,4-dimethyl-3-(1,2,4-triazol-1-ylmethyl)pentan-3-ol",3.7,50.9,326.0,1.0,3.0,6.0,21.0,tebuconazole,,pubchem
37517.0,C13H13Cl2N3O3,330.16,CC(C)NC(=O)N1CC(=O)N(C1=O)C2=CC(=CC(=C2)Cl)Cl,ONUFESLQCSAYKA-UHFFFAOYSA-N,"3-(3,5-dichlorophenyl)-2,4-dioxo-N-propan-2-ylimidazolidine-1-carboxamide",3.1,69.7,448.0,1.0,3.0,2.0,21.0,iprodione,,pubchem
8606.0,C9H8Cl3NO2S,300.6,C1C=CCC2C1C(=O)N(C2=O)SC(Cl)(Cl)Cl,LDVVMCZRFWMZSG-UHFFFAOYSA-N,"2-(trichloromethylsulfanyl)-3a,4,7,7a-tetrahydroisoindole-1,3-dione",2.4,62.7,340.0,0.0,3.0,1.0,16.0,captan,,pubchem
5455.0,C6H12N2S4,240.4,CN(C)C(=S)SSC(=S)N(C)C,KUAZQDVKQLNFPE-UHFFFAOYSA-N,"dimethylcarbamothioylsulfanyl N,N-dimethylcarbamodithioate",1.7,121.0,158.0,0.0,4.0,3.0,12.0,thiram,,pubchem
5284484.0,C4H6N2S4Zn,275.8,C(CNC(=S)[S-])NC(=S)[S-].[Zn+2],AMHNZOICSMBGDH-UHFFFAOYSA-L,zinc N-[2-(sulfidocarbothioylamino)ethyl]carbamodithioate,0.5,90.2,108.0,2.0,4.0,3.0,11.0,zineb,0.0,PPDB estimate
3032581.0,C4H6MnN2S4,265.3,C(CNC(=S)[S-])NC(=S)[S-].[Mn+2],YKSNLCVSTHTHJA-UHFFFAOYSA-L,manganese(2+);N-[2-(sulfidocarbothioylamino)ethyl]carbamodithioate,0.5,90.2,108.0,2.0,4.0,3.0,11.0,maneb,0.0,PPDB estimate
3034285.0,C22H17N3O5,403.4,CO/C=C(\C1=CC=CC=C1OC2=NC=NC(=C2)OC3=CC=CC=C3C#N)/C(=O)OC,WFDXOXNFNRHQEC-GHRIWEEISA-N,methyl (E)-2-[2-[6-(2-cyanophenoxy)pyrimidin-4-yl]oxyphenyl]-3-methoxyprop-2-enoate,3.7,104.0,646.0,0.0,8.0,8.0,30.0,azoxystrobin,,pubchem
11664966.0,C20H19F3N2O4,408.4,C/C(=N\OCC1=CC=CC=C1/C(=N\OC)/C(=O)OC)/C2=CC(=CC=C2)C(F)(F)F,ONCZDRURRATYFI-TVJDWZFNSA-N,methyl (2E)-2-methoxyimino-2-[2-[[(E)-1-[3-(trifluoromethyl)phenyl]ethylideneamino]oxymethyl]phenyl]acetate,4.9,69.5,607.0,0.0,9.0,8.0,29.0,trifloxystrobin,,pubchem
25429.0,C9H9N3O2,191.19,COC(=O)NC1=NC2=CC=CC=C2N1,TWFZGCMQGLPBSX-UHFFFAOYSA-N,methyl N-(1H-benzimidazol-2-yl)carbamate,1.5,67.0,222.0,2.0,3.0,2.0,14.0,carbendazim,,pubchem
28780.0,C14H18N4O3,290.32,CCCCNC(=O)N1C2=CC=CC=C2N=C1NC(=O)OC,RIOXQFHNBCKOKP-UHFFFAOYSA-N,methyl N-[1-(butylcarbamoyl)benzimidazol-2-yl]carbamate,2.1,85.3,377.0,2.0,4.0,5.0,21.0,benomyl,,pubchem
2256.0,C8H14ClN5,215.68,CCNC1=NC(=NC(=N1)Cl)NC(C)C,MXWJVTOOROXGIU-UHFFFAOYSA-N,"6-chloro-4-N-ethyl-2-N-propan-2-yl-1,3,5-triazine-2,4-diamine",2.6,62.7,166.0,2.0,5.0,4.0,14.0,atrazine,,pubchem
1486.0,C8H6Cl2O3,221.03,C1=CC(=C(C=C1Cl)Cl)OCC(=O)O,OVSKIKFHRZPJSS-UHFFFAOYSA-N,"2-(2,4-dichlorophenoxy)acetic acid",2.8,46.5,186.0,1.0,3.0,3.0,13.0,"2,4-D",,pubchem
15939.0,C12H14N2+2,186.25,C[N+]1=CC=C(C=C1)C2=CC=[N+](C=C2)C,INFDPOAKFNIJBF-UHFFFAOYSA-N,1-methyl-4-(1-methylpyridin-1-ium-4-yl)pyridin-1-ium,1.7,7.8,145.0,0.0,0.0,1.0,14.0,paraquat,,pubchem
4169.0,C15H22ClNO2,283.79,CCC1=CC=CC(=C1N(C(C)COC)C(=O)CCl)C,WVQBLGZPHOPPFO-UHFFFAOYSA-N,2-chloro-N-(2-ethyl-6-methylphenyl)-N-(1-methoxypropan-2-yl)acetamide,3.1,29.5,285.0,0.0,2.0,6.0,19.0,metolachlor,,pubchem
2078.0,C14H20ClNO2,269.77,CCC1=C(C(=CC=C1)CC)N(COC)C(=O)CCl,XCSGPAVHZFQHGE-UHFFFAOYSA-N,"2-chloro-N-(2,6-diethylphenyl)-N-(methoxymethyl)acetamide",3.5,29.5,248.0,0.0,2.0,6.0,18.0,alachlor,,pubchem
,C13H19N3O4,281.31,,CHIFOSRWCNZCFN-UHFFFAOYSA-N,"3,4-dimethyl-2,6-dinitro-N-pentan-3-ylaniline",5.2,104.0,,1.0,5.0,4.0,20.0,pendimethalin,0.0,pubchem
5569.0,C13H16F3N3O4,335.28,CCCN(CCC)C1=C(C=C(C=C1[N+](=O)[O-])C(F)(F)F)[N+](=O)[O-],ZSDSQXJSNMTJDA-UHFFFAOYSA-N,"2,6-dinitro-N,N-dipropyl-4-(trifluoromethyl)aniline",5.3,94.9,392.0,0.0,8.0,5.0,23.0,trifluralin,,pubchem
3030.0,C8H6Cl2O3,221.03,COC1=C(C=CC(=C1C(=O)O)Cl)Cl,IWEDIXLBFLAXBO-UHFFFAOYSA-N,"3,6-dichloro-2-methoxybenzoic acid",2.2,46.5,198.0,1.0,3.0,2.0,13.0,dicamba,,pubchem
52999.0,C14H15N5O6S,381.37,CC1=NC(=NC(=N1)OC)NC(=O)NS(=O)(=O)C2=CC=CC=C2C(=O)OC,RSMUVYRMZCOLBH-UHFFFAOYSA-N,"methyl 2-[(4-methoxy-6-methyl-1,3,5-triazin-2-yl)carbamoylsulfamoyl]benzoate",1.5,158.0,609.0,2.0,9.0,6.0,26.0,metsulfuron-methyl,,pubchem
54738.0,C13H15N3O3,261.28,CC(C)C1(C(=O)NC(=N1)C2=C(C=CC=N2)C(=O)O)C,CLQMBPJKHLGMQK-UHFFFAOYSA-N,2-(4-methyl-5-oxo-4-propan-2-yl-1H-imidazol-2-yl)pyridine-3-carboxylic acid,1.2,91.7,433.0,2.0,5.0,3.0,19.0,imazapyr,,pubchem
54740.0,C15H19N3O3,289.33,CCC1=CC(=C(N=C1)C2=NC(C(=O)N2)(C)C(C)C)C(=O)O,XVOKUMIPKHGGTN-UHFFFAOYSA-N,5-ethyl-2-(4-methyl-5-oxo-4-propan-2-yl-1H-imidazol-2-yl)pyridine-3-carboxylic acid,2.0,91.7,475.0,2.0,5.0,4.0,21.0,imazethapyr,,pubchem
50897.0,C19H20F3NO4,383.4,CCCCOC(=O)C(C)OC1=CC=C(C=C1)OC2=NC=C(C=C2)C(F)(F)F,VAIZTNZGPYBOGF-UHFFFAOYSA-N,butyl 2-[4-[[5-(trifluoromethyl)-2-pyridinyl]oxy]phenoxy]propanoate,4.5,57.7,453.0,0.0,8.0,9.0,27.0,fluazifop-butyl,,pubchem
54680676.0,C31H23BrO3,523.4,C1C(CC2=CC=CC=C2C1C3=C(C4=CC=CC=C4OC3=O)O)C5=CC=C(C=C5)C6=CC=C(C=C6)Br,VEUZZDOCACZPRY-UHFFFAOYSA-N,"3-[3-[4-(4-bromophenyl)phenyl]-1,2,3,4-tetrahydronaphthalen-1-yl]-4-hydroxychromen-2-one",7.6,46.5,791.0,1.0,3.0,3.0,35.0,brodifacoum,,pubchem
54680085.0,C30H23BrO4,527.4,C1=CC=C(C=C1)C(CC(C2=CC=C(C=C2)C3=CC=C(C=C3)Br)O)C4=C(C5=CC=CC=C5OC4=O)O,OWNRRUFOJXFKCU-UHFFFAOYSA-N,3-[3-[4-(4-bromophenyl)phenyl]-3-hydroxy-1-phenylpropyl]-4-hydroxychromen-2-one,6.1,66.8,743.0,2.0,4.0,6.0,35.0,bromadiolone,,pubchem
25113606.0,P2Zn3,258.1,[P-3].[P-3].[Zn+2].[Zn+2].[Zn+2],IGSZOEHCOKSBEI-UHFFFAOYSA-N,trizinc bis(phosphorus(3-)),,0.0,0.0,0.0,2.0,0.0,5.0,zinc phosphide,0.0,inorganic — logP not applicable
6323.0,CH3Br,94.94,CBr,GZUXJHMPEANEGY-UHFFFAOYSA-N,bromomethane,1.0,0.0,2.0,0.0,0.0,0.0,2.0,methyl bromide,,pubchem
16126812.0,AlP,57.9553,[Al+3].[P-3],PGCGUUGEUBFBPP-UHFFFAOYSA-N,aluminum phosphorus(3-),,0.0,0.0,0.0,1.0,0.0,2.0,aluminium phosphide,0.0,inorganic — logP not applicable
38779.0,C11H15BrClO3PS,373.63,CCCSP(=O)(OCC)OC1=C(C=C(C=C1)Br)Cl,QYMMJNLHFKGANY-UHFFFAOYSA-N,4-bromo-2-chloro-1-[ethoxy(propylsulfanyl)phosphoryl]oxybenzene,4.7,60.8,295.0,0.0,4.0,7.0,18.0,profenofos,,pubchem
213021.0,C10H11ClN4,222.67,CC(=NC#N)N(C)CC1=CN=C(C=C1)Cl,WCXDHFDTOYPNIE-UHFFFAOYSA-N,N-[(6-chloro-3-pyridinyl)methyl]-N'-cyano-N-methylethanimidamide,1.4,52.3,280.0,0.0,3.0,3.0,15.0,acetamiprid,,pubchem
11650986.0,C56H81NO15,1008.2,CC[C@H](C)[C@@H]1[C@H](C=C[C@@]2(O1)C[C@@H]3C[C@H](O2)C/C=C(/[C@H]([C@H](/C=C/C=C/4\CO[C@H]5[C@@]4([C@@H](C=C([C@H]5O)C)C(=O)O3)O)C)O[C@H]6C[C@@H]([C@H]([C@@H](O6)C)O[C@H]7C[C@@H]([C@H]([C@@H](O7)C)NC)OC)OC)\C)C.C1=CC=C(C=C1)C(=O)O,GCKZANITAMOIAR-XWVCPFKXSA-N,"benzoic acid;(1'R,2R,3S,4'S,6S,8'R,10'E,12'S,13'S,14'E,16'E,20'R,21'R,24'S)-2-[(2S)-butan-2-yl]-21',24'-dihydroxy-12'-[(2R,4S,5S,6S)-4-methoxy-5-[(2S,4S,5S,6S)-4-methoxy-6-methyl-5-(methylamino)oxan-2-yl]oxy-6-methyloxan-2-yl]oxy-3,11',13',22'-tetramethylspiro[2,3-dihydropyran-6,6'-3,7,19-trioxatetracyclo[15.6.1.14,8.020,24]pentacosa-10,14,16,22-tetraene]-2'-one",5.0,199.0,1850.0,4.0,16.0,10.0,72.0,emamectin benzoate,0.0,PPDB/EFSA estimate
9920327.0,C95H142O28,1732.1,CC[C@H](C)[C@@H]1[C@H](C=C[C@@]2(O1)C[C@@H]3C[C@H](O2)C/C=C(/[C@H]([C@H](/C=C/C=C/4\CO[C@H]5[C@@]4([C@@H](C=C([C@H]5O)C)C(=O)O3)O)C)O[C@H]6C[C@@H]([C@H]([C@@H](O6)C)O[C@H]7C[C@@H]([C@H]([C@@H](O7)C)O)OC)OC)\C)C.C[C@H]1/C=C/C=C/2\CO[C@H]3[C@@]2([C@@H](C=C([C@H]3O)C)C(=O)O[C@H]4C[C@@H](C/C=C(/[C@H]1O[C@H]5C[C@@H]([C@H]([C@@H](O5)C)O[C@H]6C[C@@H]([C@H]([C@@H](O6)C)O)OC)OC)\C)O[C@]7(C4)C=C[C@@H]([C@H](O7)C(C)C)C)O,IBSREHMXUMOFBB-JFUDTMANSA-N,"(1'R,2R,3S,4'S,6S,8'R,10'E,12'S,13'S,14'E,16'E,20'R,21'R,24'S)-2-[(2S)-butan-2-yl]-21',24'-dihydroxy-12'-[(2R,4S,5S,6S)-5-[(2S,4S,5S,6S)-5-hydroxy-4-methoxy-6-methyloxan-2-yl]oxy-4-methoxy-6-methyloxan-2-yl]oxy-3,11',13',22'-tetramethylspiro[2,3-dihydropyran-6,6'-3,7,19-trioxatetracyclo[15.6.1.14,8.020,24]pentacosa-10,14,16,22-tetraene]-2'-one;(1'R,2R,3S,4'S,6S,8'R,10'E,12'S,13'S,14'E,16'E,20'R,21'R,24'S)-21',24'-dihydroxy-12'-[(2R,4S,5S,6S)-5-[(2S,4S,5S,6S)-5-hydroxy-4-methoxy-6-methyloxan-2-yl]oxy-4-methoxy-6-methyloxan-2-yl]oxy-3,11',13',22'-tetramethyl-2-propan-2-ylspiro[2,3-dihydropyran-6,6'-3,7,19-trioxatetracyclo[15.6.1.14,8.020,24]pentacosa-10,14,16,22-tetraene]-2'-one",4.4,340.0,3430.0,6.0,28.0,15.0,123.0,abamectin,0.0,PPDB estimate
17754356.0,C83H132N2O20,1477.9,CC[C@H]1CCC[C@@H]([C@H](C(=O)C2=C[C@H]3[C@@H]4C[C@@H](C[C@H]4C=C[C@H]3[C@@H]2CC(=O)O1)O[C@H]5[C@@H]([C@@H]([C@H]([C@@H](O5)C)OC)OC)OC)C)O[C@H]6CC[C@@H]([C@H](O6)C)N(C)C.CC[C@H]1CCC[C@@H]([C@H](C(=O)C2=C[C@H]3[C@@H]4C[C@@H](C[C@H]4C(=C[C@H]3[C@@H]2CC(=O)O1)C)O[C@H]5[C@@H]([C@@H]([C@H]([C@@H](O5)C)OC)OC)OC)C)O[C@H]6CC[C@@H]([C@H](O6)C)N(C)C,JFLRKDZMHNBDQS-SGSTVUCESA-N,"(1S,2S,5R,7S,9S,10S,14R,15S,19S)-15-[(2R,5S,6R)-5-(dimethylamino)-6-methyloxan-2-yl]oxy-19-ethyl-4,14-dimethyl-7-[(2R,3R,4R,5S,6S)-3,4,5-trimethoxy-6-methyloxan-2-yl]oxy-20-oxatetracyclo[10.10.0.02,10.05,9]docosa-3,11-diene-13,21-dione;(1S,2R,5S,7R,9R,10S,14R,15S,19S)-15-[(2R,5S,6R)-5-(dimethylamino)-6-methyloxan-2-yl]oxy-19-ethyl-14-methyl-7-[(2R,3R,4R,5S,6S)-3,4,5-trimethoxy-6-methyloxan-2-yl]oxy-20-oxatetracyclo[10.10.0.02,10.05,9]docosa-3,11-diene-13,21-dione",2.8,222.0,2620.0,0.0,22.0,18.0,105.0,spinosad,0.0,PPDB estimate
107720.0,C22H17ClF3N3O7,527.8,COC(=O)[C@]12CC3=C(C1=NN(CO2)C(=O)N(C4=CC=C(C=C4)OC(F)(F)F)C(=O)OC)C=CC(=C3)Cl,VBCVPMMZEGZULK-NRFANRHFSA-N,"methyl (4aS)-7-chloro-2-[methoxycarbonyl-[4-(trifluoromethoxy)phenyl]carbamoyl]-3,5-dihydroindeno[1,2-e][1,3,4]oxadiazine-4a-carboxylate",4.8,107.0,912.0,0.0,11.0,5.0,36.0,indoxacarb,,pubchem
71777.0,C17H8Cl2F8N2O3,511.1,C1=CC(=C(C(=C1)F)C(=O)NC(=O)NC2=CC(=C(C=C2Cl)OC(C(C(F)(F)F)F)(F)F)Cl)F,PWPJGUXAGUPAHP-UHFFFAOYSA-N,"N-[[2,5-dichloro-4-(1,1,2,3,3,3-hexafluoropropoxy)phenyl]carbamoyl]-2,6-difluorobenzamide",6.4,67.4,677.0,2.0,11.0,5.0,32.0,lufenuron,,pubchem
91778.0,C15H11BrClF3N2O,407.61,CCOCN1C(=C(C(=C1C(F)(F)F)Br)C#N)C2=CC=C(C=C2)Cl,CWFOCCVIPCEQCK-UHFFFAOYSA-N,4-bromo-2-(4-chlorophenyl)-1-(ethoxymethyl)-5-(trifluoromethyl)pyrrole-3-carbonitrile,4.5,38.0,448.0,0.0,5.0,4.0,23.0,chlorfenapyr,,pubchem
9907412.0,C23H30O4,370.5,CC1=CC(=C(C(=C1)C)C2=C(C3(CCCC3)OC2=O)OC(=O)CC(C)(C)C)C,GOLXNESZZPUPJE-UHFFFAOYSA-N,"[2-oxo-3-(2,4,6-trimethylphenyl)-1-oxaspiro[4.4]non-3-en-4-yl] 3,3-dimethylbutanoate",5.1,52.6,621.0,0.0,4.0,5.0,27.0,spiromesifen,,pubchem
13218777.0,C17H21ClN2O2S,352.9,C[C@H]1[C@@H](SC(=O)N1C(=O)NC2CCCCC2)C3=CC=C(C=C3)Cl,XGWIJUOSCAQSSV-XHDPSFHLSA-N,"(4S,5S)-5-(4-chlorophenyl)-N-cyclohexyl-4-methyl-2-oxo-1,3-thiazolidine-3-carboxamide",4.5,74.7,448.0,1.0,3.0,2.0,23.0,hexythiazox,,pubchem
